{
  "AnnouncementDetailsPageTitle": "Aankondiging",
  "Done": "VERZENDEN",
  "IncompleteDetailsAlertTitle": "Ontbrekende gegevens toevoegen",
  "IncompleteQuestionDetailsMessage": "Vul alle vereiste velden in.",
  "OK": "OK",
  "QuestionDiscardConfirmationDailogDeleteButton": "NEGEREN",
  "QuestionDiscardConfirmationDailogMessage": "Weet u zeker dat u alle wijzigingen wilt negeren?",
  "AnnouncementDetailsTitleHeader": "Titel (verplicht)",
  "QuestionDiscardConfirmationDailogBackButton": "ANNULEREN",
  "AnnouncementDetailsDescriptionHeader": "Beschrijving",
  "AnnouncementDetailsDescriptionPlaceholder": "Waarover gaat deze aankondiging?",
  "AnnouncementDetailsTitlePlaceholder": "Voer uw aankondiging in",
  "AttachmentPickerText": "Foto's en meer toevoegen",
  "CardDescription": "Belangrijke aankondigingen maken of updates delen",
  "SubtitleOneOnOneFormat": "Verzenden naar <b>{0}</b>",
  "SubtitleGroupConversationFormat": "Verzenden naar <b>{0}</b> personen van <b>{1}</b>",
  "BackToChat": "Terug naar chat",
  "TextLabelAttachmentPicker": "Tekstlabel: bijlagekiezer",
  "_TextLabelAttachmentPicker": "Tekstlabel voor sectie om bijlagen te kiezen",
  "AllowImageAttachments": "Afbeeldingsbijlagen toestaan",
  "_AllowImageAttachments": "Optie om afbeeldingsbijlagen toe te staan",
  "AllowDocumentAttachments": "Documentbijlagen toestaan",
  "_AllowDocumentAttachments": "Optie om documentbijlagen toe te staan",
  "AllowAudioattachments": "Audiobijlagen toestaan",
  "_AllowAudioattachments": "Optie om audiobijlagen toe te staan",
  "BackDialogDesc": "Wilt u annuleren en terugkeren naar chat?",
  "app_name": "Aankondiging",
  "title_sent": "Aan <b>%s</b>",
  "subtitle": "%s naar <b>%s</b>",
  "all_filter": "Alles weergeven",
  "grouping_option_string": "Groeperen op personen",
  "title_received": "<b>%s</b>",
  "description_string": "%s",
  "_description_string": "Beschrijving van focusitem",
  "TapToAddPhotosAndDocumentsText": "Tik om foto's en meer toe te voegen",
  "AnnouncementSummaryPageTitle": "Samenvatting van aankondiging",
  "AnnouncementCreationPageTitle": "Aankondiging maken",
  "hintText": "Tiptekst",
  "_hintText": "Tijdelijke aanduiding voor tiptekst",
  "viewMore": "Meer weergeven",
  "_viewMore": "Gebruiker wordt gevraagd om te tikken om meer tekst weer te geven",
  "pdfFileName": "PDF-bestandsnaam",
  "_pdfFileName": "Naam van het bestand met de PDF-indeling",
  "audioFileName": "Naam van audiobestand",
  "_audioFileName": "Naam van bestand in audio-indeling",
  "textboxTitle": "Tekstvak: titel",
  "_textboxTitle": "Kop van invoer om de titel van het tekstvak te accepteren"
}