{
  "AnnouncementDetailsPageTitle": "Anúncio",
  "Done": "ENVIAR",
  "IncompleteDetailsAlertTitle": "Adicionar Detalhes Ausentes",
  "IncompleteQuestionDetailsMessage": "Preencha todos os campos obrigatórios.",
  "OK": "OK",
  "QuestionDiscardConfirmationDailogDeleteButton": "DESCARTAR",
  "QuestionDiscardConfirmationDailogMessage": "Tem certeza de que deseja descartar todas as alterações?",
  "AnnouncementDetailsTitleHeader": "Título (Obrigatório)",
  "QuestionDiscardConfirmationDailogBackButton": "CANCELAR",
  "AnnouncementDetailsDescriptionHeader": "Descrição",
  "AnnouncementDetailsDescriptionPlaceholder": "Sobre o que é este anúncio?",
  "AnnouncementDetailsTitlePlaceholder": "Insira seu anúncio",
  "AttachmentPickerText": "Adicionar fotos e muito mais",
  "CardDescription": "Faça anúncios importantes ou compartilhe atualizações",
  "SubtitleOneOnOneFormat": "Enviar para <b>{0}</b>",
  "SubtitleGroupConversationFormat": "Enviar para <b>{0}</b> pessoas de <b>{1}</b>",
  "BackToChat": "Voltar ao chat",
  "TextLabelAttachmentPicker": "Rótulo de Texto: Seletor de Anexos",
  "_TextLabelAttachmentPicker": "Rótulo de texto da seção para selecionar anexos",
  "AllowImageAttachments": "Permitir anexos de Imagem",
  "_AllowImageAttachments": "Opção para permitir anexos de imagem",
  "AllowDocumentAttachments": "Permitir anexos de Documento",
  "_AllowDocumentAttachments": "Opção para permitir anexos de documento",
  "AllowAudioattachments": "Permitir anexos de Áudio",
  "_AllowAudioattachments": "Opção para permitir anexos de áudio",
  "BackDialogDesc": "Deseja cancelar e voltar ao chat?",
  "app_name": "Anúncio",
  "title_sent": "Para <b>%s</b>",
  "subtitle": "%s para <b>%s</b>",
  "all_filter": "Mostrar tudo",
  "grouping_option_string": "Agrupar por pessoas",
  "title_received": "<b>%s</b>",
  "description_string": "%s",
  "_description_string": "Descrição do Item de Foco",
  "TapToAddPhotosAndDocumentsText": "Toque para adicionar fotos e muito mais",
  "AnnouncementSummaryPageTitle": "Resumo do Anúncio",
  "AnnouncementCreationPageTitle": "Criação de Anúncio",
  "hintText": "Texto de Dica",
  "_hintText": "Espaço reservado para texto de dica",
  "viewMore": "Exibir Mais",
  "_viewMore": "O usuário é solicitado a tocar para exibir mais texto",
  "pdfFileName": "Nome de Arquivo PDF",
  "_pdfFileName": "Nome de arquivo com formato PDF",
  "audioFileName": "Nome de Arquivo de Áudio",
  "_audioFileName": "Nome de arquivo em formato de áudio",
  "textboxTitle": "Caixa de Texto: Título",
  "_textboxTitle": "Título da entrada para aceitar o título da caixa de texto"
}