{
  "AnnouncementDetailsPageTitle": "Объявление",
  "Done": "Отправить",
  "IncompleteDetailsAlertTitle": "Добавление отсутствующих сведений",
  "IncompleteQuestionDetailsMessage": "Заполните все обязательные поля.",
  "OK": "ОК",
  "QuestionDiscardConfirmationDailogDeleteButton": "Отменить",
  "QuestionDiscardConfirmationDailogMessage": "Вы действительно хотите отменить все изменения?",
  "AnnouncementDetailsTitleHeader": "Заголовок (обязательно)",
  "QuestionDiscardConfirmationDailogBackButton": "Отмена",
  "AnnouncementDetailsDescriptionHeader": "Описание",
  "AnnouncementDetailsDescriptionPlaceholder": "О чем это объявление?",
  "AnnouncementDetailsTitlePlaceholder": "Введите свое объявление",
  "AttachmentPickerText": "Добавить фотографии и другое",
  "CardDescription": "Выполнение важных объявлений или обмен новостями",
  "SubtitleOneOnOneFormat": "Отправить <b>{0}</b>",
  "SubtitleGroupConversationFormat": "Отправить людям (<b>{0}</b>) из <b>{1}</b>",
  "BackToChat": "Вернуться в чат",
  "TextLabelAttachmentPicker": "Надпись: выбор вложения",
  "_TextLabelAttachmentPicker": "Текстовая метка раздела для выбора вложения",
  "AllowImageAttachments": "Разрешить вложения с изображениями",
  "_AllowImageAttachments": "Параметр, разрешающий вложения с изображениями",
  "AllowDocumentAttachments": "Разрешить вложения с документами",
  "_AllowDocumentAttachments": "Параметр, разрешающий вложения с документами",
  "AllowAudioattachments": "Разрешить вложения с аудио",
  "_AllowAudioattachments": "Параметр, разрешающий вложения с аудио",
  "BackDialogDesc": "Вы хотите отменить операцию и вернуться к чату?",
  "app_name": "Объявление",
  "title_sent": "Получателю <b>%s</b>",
  "subtitle": "%s для <b>%s</b>",
  "all_filter": "Показать все",
  "grouping_option_string": "Группирование по людям",
  "title_received": "<b>%s</b>",
  "description_string": "%s",
  "_description_string": "Описание элемента в фокусе",
  "TapToAddPhotosAndDocumentsText": "Коснитесь, чтобы добавить фотографии и многое другое",
  "AnnouncementSummaryPageTitle": "Сводка по объявлению",
  "AnnouncementCreationPageTitle": "Создание объявления",
  "hintText": "Текст подсказки",
  "_hintText": "Заполнитель для текста подсказки",
  "viewMore": "Показать еще",
  "_viewMore": "Пользователю предложено коснуться для просмотра дополнительного текста",
  "pdfFileName": "Имя файла PDF",
  "_pdfFileName": "Имя файла в формате PDF",
  "audioFileName": "Имя звукового файла",
  "_audioFileName": "Имя файла в аудиоформате",
  "textboxTitle": "Текстовое поле: заголовок",
  "_textboxTitle": "Заголовок входных данных для указания заголовка текстового поля"
}