{
  "AnnouncementDetailsPageTitle": "Ankündigung",
  "Done": "SENDEN",
  "IncompleteDetailsAlertTitle": "Fehlende Details hinzufügen",
  "IncompleteQuestionDetailsMessage": "Füllen Sie alle Pflichtfelder aus.",
  "OK": "OK",
  "QuestionDiscardConfirmationDailogDeleteButton": "VERWERFEN",
  "QuestionDiscardConfirmationDailogMessage": "Möchten Sie wirklich alle Änderungen verwerfen?",
  "AnnouncementDetailsTitleHeader": "Titel (erforderlich)",
  "QuestionDiscardConfirmationDailogBackButton": "ABBRECHEN",
  "AnnouncementDetailsDescriptionHeader": "Beschreibung",
  "AnnouncementDetailsDescriptionPlaceholder": "Worum geht es bei dieser Ankündigung?",
  "AnnouncementDetailsTitlePlaceholder": "Geben Sie Ihre Ankündigung ein.",
  "AttachmentPickerText": "Fotos und mehr hinzufügen",
  "CardDescription": "Wichtige Ankündigungen machen oder Aktualisierungen teilen",
  "SubtitleOneOnOneFormat": "An <b>{0}</b> senden",
  "SubtitleGroupConversationFormat": "An <b>{0}</b> Personen von <b>{1}</b> senden",
  "BackToChat": "Zurück zum Chat",
  "TextLabelAttachmentPicker": "Textbeschriftung: Anlagenauswahl",
  "_TextLabelAttachmentPicker": "Textbeschriftung für den Abschnitt zum Auswählen von Anlagen",
  "AllowImageAttachments": "Bildanlagen zulassen",
  "_AllowImageAttachments": "Option zum Zulassen von Bildanlagen",
  "AllowDocumentAttachments": "Dokumentanlagen zulassen",
  "_AllowDocumentAttachments": "Option zum Zulassen von Dokumentanlagen",
  "AllowAudioattachments": "Audioanlagen zulassen",
  "_AllowAudioattachments": "Option zum Zulassen von Audioanlagen",
  "BackDialogDesc": "Möchten Sie abbrechen und zum Chat zurückkehren?",
  "app_name": "Ankündigung",
  "title_sent": "An <b>%s</b>",
  "subtitle": "%s an <b>%s</b>",
  "all_filter": "Alle anzeigen",
  "grouping_option_string": "Nach Personen gruppieren",
  "title_received": "<b>%s</b>",
  "description_string": "%s",
  "_description_string": "Fokuselementbeschreibung",
  "TapToAddPhotosAndDocumentsText": "Tippen Sie, um Fotos und mehr hinzuzufügen.",
  "AnnouncementSummaryPageTitle": "Zusammenfassung der Ankündigung",
  "AnnouncementCreationPageTitle": "Erstellung der Ankündigung",
  "hintText": "Hinweistext",
  "_hintText": "Platzhaltertext für Hinweistext.",
  "viewMore": "Mehr anzeigen",
  "_viewMore": "Benutzer zum Tippen aufgefordert, um mehr Text anzuzeigen.",
  "pdfFileName": "PDF-Dateiname",
  "_pdfFileName": "Name der Datei im PDF-Format.",
  "audioFileName": "Audiodateiname",
  "_audioFileName": "Name der Datei im Audioformat.",
  "textboxTitle": "Textfeld: Titel",
  "_textboxTitle": "Kopfzeile der Eingabe zum Akzeptieren des Titels des Textfelds."
}