{
  "AnnouncementDetailsPageTitle": "アナウンス",
  "Done": "送信",
  "IncompleteDetailsAlertTitle": "不足している詳細情報を追加します",
  "IncompleteQuestionDetailsMessage": "必須フィールドをすべて入力してください。",
  "OK": "OK",
  "QuestionDiscardConfirmationDailogDeleteButton": "破棄",
  "QuestionDiscardConfirmationDailogMessage": "変更をすべて破棄してよろしいですか?",
  "AnnouncementDetailsTitleHeader": "タイトル (必須)",
  "QuestionDiscardConfirmationDailogBackButton": "キャンセル",
  "AnnouncementDetailsDescriptionHeader": "説明",
  "AnnouncementDetailsDescriptionPlaceholder": "何についてのアナウンスですか?",
  "AnnouncementDetailsTitlePlaceholder": "アナウンスを入力してください",
  "AttachmentPickerText": "フォトおよびその他を追加します",
  "CardDescription": "重要なアナウンスを行ったり、更新を共有したりします",
  "SubtitleOneOnOneFormat": "<b>{0}</b> に送信",
  "SubtitleGroupConversationFormat": "<b>{1}</b> 人中 <b>{0}</b> 人に送信",
  "BackToChat": "チャットに戻る",
  "TextLabelAttachmentPicker": "テキスト ラベル: 添付ファイルの選択",
  "_TextLabelAttachmentPicker": "添付ファイルを選択するセクションのテキスト ラベル",
  "AllowImageAttachments": "画像の添付ファイルを許可する",
  "_AllowImageAttachments": "画像添付ファイルを許可するオプション",
  "AllowDocumentAttachments": "ドキュメントの添付ファイルを許可する",
  "_AllowDocumentAttachments": "ドキュメントの添付ファイルを許可するオプション",
  "AllowAudioattachments": "音声の添付ファイルを許可する",
  "_AllowAudioattachments": "音声の添付ファイルを許可するオプション",
  "BackDialogDesc": "キャンセルして、チャットに戻りますか?",
  "app_name": "アナウンス",
  "title_sent": "宛先 <b>%s</b>",
  "subtitle": "%s から<b>%s</b>へ",
  "all_filter": "すべて表示",
  "grouping_option_string": "連絡先別にグループ化",
  "title_received": "<b>%s</b>",
  "description_string": "%s",
  "_description_string": "フォーカス項目の説明",
  "TapToAddPhotosAndDocumentsText": "タップして、フォト等を追加",
  "AnnouncementSummaryPageTitle": "アナウンスの概要",
  "AnnouncementCreationPageTitle": "アナウンスの作成",
  "hintText": "ヒントのテキスト",
  "_hintText": "ヒント テキストのプレースホルダ―",
  "viewMore": "詳細を表示",
  "_viewMore": "ユーザーがタップしてさらにテキストを表示するよう求められています",
  "pdfFileName": "PDF ファイル名",
  "_pdfFileName": "PDF 形式のファイルの名前",
  "audioFileName": "オーディオ ファイル名",
  "_audioFileName": "オーディオ形式のファイルの名前",
  "textboxTitle": "テキスト ボックス: タイトル",
  "_textboxTitle": "テキスト ボックスのタイトルを受け入れる入力のヘッダー"
}