{
    "strMiniAppTitle": "Registration",
    "Age": "Age",
    "Email": "Email",
    "Date of Birth": "Date of Birth",
    "strTapToEnter": "Tap to enter",
    "Profile Image": "Profile Image",
    "Gender": "Gender",
    "Male": "Male",
    "Female": "Female",
    "Name": "Picture of a Flower",
    "Phone": "Phone",
    "Location": "Location",
    "Response Time": "Response Time",
    "Region":"Region",
    "Cluster":"Cluster",
    "Sales Area": "Sales Area",

    "Eastern": "Nanyuki",
    "Western": "Meru",
    "Nothern": "Karatina",
    "Coastal": "Nyeri",
    "Southern": "Embu",
    "Central":"Isiolo",
    "strMiniAppYourDetails": "Your Details",
    "strNoLocationLabel": "Due to poor network connectivity, your location could not be fetched",
    "strRefreshLabel": "REFRESH",
    "strMiniAppLocationNetworkWarningLabel": "Due to poor network connectivity, your location map could not be fetched. Your location co-ordinates will be shared instead",
    "strMiniAppLoadingLabel": "Please wait while we try to fetch your location",
    "strNoLocationAlertLabel": "Location not found. Please ensure that you have turned on location services and provided Kaizala the location permission. Tap on refresh below to try fetching location again",
    "strProgressTextLabel": "{0} of {1}",
    "strConnectGroupName": "Need To change",
    "strMiniAppHeaderTimeLabel": "Created by you at {0}",
    "strSendResponseLabel": "SUBMIT"
    
    
}