{
    "title": "Buyer",
    "visibility": "All",
    "expiry": 0,
    "isAnonymous": false,
    "isResponseAppended": true,
    "isLocationRequested": false,
    "questions": [
        {
            "title": "Brand",
            "type": "Text"
        },
        { "title": "Models",
            "type":"Text"
            
        },
        { "title": "Transmission",
            "type":"Text"
            
        },
        { "title": "Model",
            "type":"Text"
        },
        { "title": "Price",
            "type":"Text"
            
        },
        {
            "title": "Name",
            "type": "Text"
        },
        {
            "title": "Phone",
            "type": "Text"
        },
        {
          "title": "Location",
          "type": "Location"
        },
        {
          "title": "Response Time",
          "type": "DateTime"
        }
    ]
}