{"SchemaVersion":1,"TemplateType":3,"CardTemplateId":"com.microsoft.mobile.kaizala.swadesh.PMKRFdbckV21.6","BaseCardTemplateId":"com.microsoft.mobile.kaizala.swadesh.PMKRFdbckV21","BaseCardTemplateVersion":6,"CardTemplateMinorVersion":1,"Name":"[test] Kaizala Starter Package.","Icon":"kaizala.png","Description":"Contains the starter package with minial required pages.","ActionClassifications":"default","CardDataFile":"appModel.json_processed","VisibleInDrawer":true,"IsLocalised":0,"IsPinned":0,"IsInFocus":0,"ForTesting":0,"IsSearchable":0,"ActionScope":"Single","ConversationSelectionType":"UserSelected","ActionForwardPolicy":0,"Views":[{"CreationView":{"ShowNativeToolbar":0,"ViewType":"Html","BackDialogVisibility":1,"BackDialogTitle":"Back to chat","BackDialogDescription":"Do you want to cancel and go back to chat?","View":"creationView.html","iosView":"creationView.html"}},{"ChatCanvasCardView":{"ShowResponseCount":1,"ViewType":"Html","ShowExpiry":1,"LabelResponded":"You have provided feedback.","LabelRespondToForm":"PROVIDE FEEDBACK","ContentSubTextField":"Expiry","ResponseQuestionId":-1,"ShowHeader":1,"ShowFooter":1,"IsResponseEditable":1,"ShowComments":1,"ShowReceipts":1,"ShowLikes":1}},{"ResponseView":{"ViewType":"Html","ShowQuestionHeader":1,"View":"responseView.html","iosView":"responseView.html","ShowNativeToolbar":1,"BackDialogVisibility":1,"BackDialogTitle":"Back to chat","BackDialogDescription":"Do you want to cancel and go back to chat?"}},{"ResponseResultsView":{"Visible":1,"View":"summaryView.html","iosView":"summaryView.html","ShowNativeToolbar":1,"BackDialogVisibility":1,"BackDialogTitle":"Back to chat","BackDialogDescription":"Do you want to cancel and go back to chat?","ViewType":"Html","ShowCloseCardSection":1,"ShowSendReminderSection":0,"ShowQuestionHeader":1,"LabelPageHeader":"Action","LabelCloseInfo":"Action closes on {0}","LabelActionExpired":"Action is closed","LabelNotResponded":"You have not responded","LabelRespondNow":"Respond now","LabelAddResponse":"Add a new response","LabelQuestions":"ACTION QUESTIONS","LabelCloseAction":"Close Action","LabelShareActionResults":"Share Action results","LabelDuplicateAction":"Duplicate this Action","LabelDuplicateActionSubText":"Copy questions and create a new Action","LabelCloseActionConfirmation":"Are you sure you want to close the action?"}}]}