{"SchemaVersion":3,"TemplateType":3,"CardTemplateId":"com.nanyuki.samuel.registration.17","BaseCardTemplateId":"com.nanyuki.samuel.registration","BaseCardTemplateVersion":17,"CardTemplateMinorVersion":2,"Name":"Registration","Icon":"profile.png","Description":"Registration","ActionClassifications":"default","CardDataFile":"AppModel.json_processed","VisibleInDrawer":true,"IsLocalised":0,"IsPinned":0,"IsInFocus":0,"ForTesting":0,"IsSearchable":0,"ActionScope":"Group","ConversationSelectionType":"UserSelected","ActionForwardPolicy":0,"Views":[{"CreationView":{"ShowNativeToolbar":0,"ViewType":"Html","BackDialogVisibility":1,"BackDialogTitle":"Back to chat","BackDialogDescription":"Do you want to cancel and go back to chat?","View":"Response.html","iosView":"Response.html"}},{"ChatCanvasCardView":{"ShowResponseCount":1,"ViewType":"Html","ShowExpiry":1,"LabelResponded":"Livestock alert provided","ContentSubTextField":"Expiry","LabelResponseSending":"Submitting your details","LabelResponseFailed":"Livestock alert submission failed","ResponseQuestionId":-1,"ShowHeader":1,"ShowFooter":1,"IsResponseEditable":0,"ShowComments":0,"ShowReceipts":0,"ShowLikes":0}},{"ResponseResultsView":{"Visible":1,"View":"ResponseSummary.html","iosView":"ResponseSummary.html","ShowNativeToolbar":0,"BackDialogVisibility":1,"BackDialogTitle":"Back to chat","BackDialogDescription":"Do you want to cancel and go back to chat?","ViewType":"Html","ShowCloseCardSection":1,"ShowSendReminderSection":0,"ShowQuestionHeader":1,"LabelPageHeader":"Action","LabelCloseInfo":"Action closes on {0}","LabelActionExpired":"Action is closed","LabelNotResponded":"You have not responded","LabelRespondNow":"Respond now","LabelAddResponse":"Add a new response","LabelQuestions":"ACTION QUESTIONS","LabelCloseAction":"Close Action","LabelShareActionResults":"Share Action results","LabelDuplicateAction":"Duplicate this Action","LabelDuplicateActionSubText":"Copy questions and create a new Action","LabelCloseActionConfirmation":"Are you sure you want to close the action?"}}]}