{
    "title": "Registration ya Mon",
    "visibility": "All",
    "expiry": 0,
    "isAnonymous": false,
    "isResponseAppended": true,
    "isLocationRequested": false,
    "questions": [
        {
            "title": "Age",
            "type": "Numeric"
           
        },
        {
            "title": "Email",
            "type": "Text"
            
        },
        {
            "title": "Profile Image",
            "type": "Image"
            
        },
        {
            "title": "Gender",
            "type": "SingleSelect",
    
                    "options": [{
                    "title": "male"
                },
                {
                    "title": "Female"
                }
            ]
        },
        {
            "title": "Region",
            "type": "Text"
           
        },
        {
            "title": "salesArea",
            "type": "Text"
        },
        {
            "title": "cluster",
            "type": "Text"
        },
        {
            "title": "Name",
            "type": "Text"
        },
        {
            "title": "Phone",
            "type": "Text"
        },
        {
          "title": "Location",
          "type": "Location"
        },
        {
          "title": "Response Time",
          "type": "DateTime"
        }
    ]
}