{
  "AnnouncementDetailsPageTitle": "ANNOUNCEMENT",
  "Done": "SEND",
  "IncompleteDetailsAlertTitle": "Add Missing Details",
  "IncompleteQuestionDetailsMessage": "Please complete all the required fields.",
  "OK": "OK",
  "QuestionDiscardConfirmationDailogDeleteButton": "DISCARD",
  "QuestionDiscardConfirmationDailogMessage": "Are you sure you want to discard all changes?",
  "AnnouncementDetailsTitleHeader": "Title (Required)",
  "QuestionDiscardConfirmationDailogBackButton": "CANCEL",
  "AnnouncementDetailsDescriptionHeader": "Description",
  "AnnouncementDetailsDescriptionPlaceholder": "What is this announcement about?",
  "AnnouncementDetailsTitlePlaceholder": "Please enter your announcement",
  "AttachmentPickerText": "Add photos and more",
  "CardDescription": "Sends file contents",
  "SubtitleOneOnOneFormat": "Send to <b>{0}</b>",
  "SubtitleGroupConversationFormat": "Send to <b>{0}</b> people of <b>{1}</b>",
  "BackToChat": "Back to chat",
  "TextLabelAttachmentPicker": "Text Label: Attachment Picker",
  "_TextLabelAttachmentPicker": "Text label for section to pick attachments",
  "AllowImageAttachments": "Allow Image attachments",
  "_AllowImageAttachments": "Option to allow image attachments",
  "AllowDocumentAttachments": "Allow Document attachments",
  "_AllowDocumentAttachments": "Option to allow document attachments",
  "AllowAudioattachments": "Allow Audio attachments",
  "_AllowAudioattachments": "Option to allow audio attachments",
  "BackDialogDesc": "Do you want to cancel and go back to chat?",
  "app_name": "Announcement",
  "title_sent": "To <b>%s</b>",
  "subtitle": "%s to <b>%s</b>",
  "_subtitle.comment": "Focus item subtitle. Contains group name to be shown for the focus item",
  "all_filter": "Show all",
  "grouping_option_string": "Group by people",
  "_Announcement.comment": "App name visible in Discover",
  "title_received": "<b>%s</b>",
  "_title_received.comment": "Focus item title for received scope",
  "description_string": "%s",
  "_description_string": "Focus Item description",
  "TapToAddPhotosAndDocumentsText": "Tap to add photos and more",
  "AnnouncementSummaryPageTitle": "Announcement Summary",
  "_AnnouncementSummaryPageTitle.comment": "HTML page title for Announcement Summary",
  "AnnouncementCreationPageTitle": "Announcement Creation",
  "_AnnouncementCreationPageTitle.comment": "HTML page title for Announcement Creation",
  "hintText": "Hint Text",
  "_hintText": "Placeholder for hint text",
  "viewMore": "View More",
  "_viewMore": "User asked to tap to view more text",
  "pdfFileName": "PDF File Name",
  "_pdfFileName": "Name of file with PDF format",
  "audioFileName": "Audio File Name",
  "_audioFileName": "Name of file in audio format",
  "textboxTitle": "TextBox: Title",
  "_textboxTitle": "Header of input to accept title of textbox"
}