{
  "AnnouncementDetailsPageTitle": "Anuncio",
  "Done": "ENVIAR",
  "IncompleteDetailsAlertTitle": "Agregar datos que falten",
  "IncompleteQuestionDetailsMessage": "Completa todos los campos obligatorios.",
  "OK": "Aceptar",
  "QuestionDiscardConfirmationDailogDeleteButton": "DESCARTAR",
  "QuestionDiscardConfirmationDailogMessage": "¿Seguro que quieres descartar todos los cambios?",
  "AnnouncementDetailsTitleHeader": "Título (obligatorio)",
  "QuestionDiscardConfirmationDailogBackButton": "CANCELAR",
  "AnnouncementDetailsDescriptionHeader": "Descripción",
  "AnnouncementDetailsDescriptionPlaceholder": "¿Sobre qué trata este anuncio?",
  "AnnouncementDetailsTitlePlaceholder": "Escribe tu anuncio.",
  "AttachmentPickerText": "Agregar fotos y más",
  "CardDescription": "Realiza anuncios importantes o comparte actualizaciones.",
  "SubtitleOneOnOneFormat": "Enviar a <b>{0}</b>",
  "SubtitleGroupConversationFormat": "Enviar a <b>{0}</b> contactos de <b>{1}</b>",
  "BackToChat": "Volver al chat",
  "TextLabelAttachmentPicker": "Texto de etiqueta: Selector de archivos adjuntos",
  "_TextLabelAttachmentPicker": "Etiqueta de texto para la sección en la que se eligen los datos adjuntos",
  "AllowImageAttachments": "Permitir archivos adjuntos de imagen",
  "_AllowImageAttachments": "Opción para permitir los archivos adjuntos de imagen",
  "AllowDocumentAttachments": "Permitir archivos adjuntos de documento",
  "_AllowDocumentAttachments": "Opción para permitir los archivos adjuntos de documento",
  "AllowAudioattachments": "Permitir archivos adjuntos de audio",
  "_AllowAudioattachments": "Opción para permitir los archivos adjuntos de audio",
  "BackDialogDesc": "¿Quieres cancelar y volver al chat?",
  "app_name": "Anuncio",
  "title_sent": "A <b>%s</b>",
  "subtitle": "%s a <b>%s</b>",
  "all_filter": "Mostrar todo",
  "grouping_option_string": "Agrupar por contactos",
  "title_received": "<b>%s</b>",
  "description_string": "%s",
  "_description_string": "Foco en la descripción del elemento",
  "TapToAddPhotosAndDocumentsText": "Pulsa para agregar fotos y más.",
  "AnnouncementSummaryPageTitle": "Resumen de anuncio",
  "AnnouncementCreationPageTitle": "Creación de anuncio",
  "hintText": "Texto de sugerencia",
  "_hintText": "Marcador de posición para el texto de sugerencia",
  "viewMore": "Ver más",
  "_viewMore": "Al usuario le han pedido que pulse para ver más texto",
  "pdfFileName": "Nombre de archivo PDF",
  "_pdfFileName": "Nombre de archivo con formato PDF",
  "audioFileName": "Nombre de archivo de audio",
  "_audioFileName": "Nombre del archivo en formato de audio",
  "textboxTitle": "Cuadro de texto: Título",
  "_textboxTitle": "Encabezado de entrada para aceptar el título de un cuadro de texto"
}