{
    "Age": "Registration",
    "Email": "Email",
    "Date of Birth": "Date of Birth",
    "Profile Image": "Profile Image",
    "strTapToEnter": "Tap to enter",
    "Gender": "Gender",
    "Name": "Name",
    "Phone": "Phone Number",
    "Location": "Location",
    "Male": "Male",
    "Female": "Female",
    "strMiniAppYourDetails": "Your Details",
    "strNoLocationLabel": "Due to poor network connectivity, your location could not be fetched",
    "strRefreshLabel": "REFRESH",
    "strMiniAppLocationNetworkWarningLabel": "Due to poor network connectivity, your location map could not be fetched. Your location co-ordinates will be shared instead",
    "strMiniAppLoadingLabel": "Please wait while we try to fetch your location",
    "strNoLocationAlertLabel": "Location not found. Please ensure that you have turned on location services and provided Kaizala the location permission. Tap on refresh below to try fetching location again",
    "strProgressTextLabel": "{0} of {1}",
    "strConnectGroupName": "Need To change",
    "strMiniAppHeaderTimeLabel": "Created by you at {0}",
    "strSendResponseLabel": "SUBMIT",
    "Region": "Region", 
    "Sales Area": "Sales Area",
    "Cluster": "Cluster",
    "Response Time": "Response Time"
}